﻿<?xml version="1.0"?>
<doc>
<assembly>
<name>
MEGAPT
</name>
</assembly>
<members>
<member name="P:WindowsApplication1.My.Resources.Resources.ResourceManager">
	<summary>
  Возвращает кэшированный экземпляр ResourceManager, использованный этим классом.
</summary>
</member><member name="P:WindowsApplication1.My.Resources.Resources.Culture">
	<summary>
  Перезаписывает свойство CurrentUICulture текущего потока для всех
  обращений к ресурсу с помощью этого класса ресурса со строгой типизацией.
</summary>
</member><member name="P:WindowsApplication1.My.Resources.Resources._4537677130_e41b1ec6a5_o">
	<summary>
  Поиск локализованного ресурса типа System.Drawing.Bitmap.
</summary>
</member><member name="P:WindowsApplication1.My.Resources.Resources._839_8394450_faq_faq_clipart">
	<summary>
  Поиск локализованного ресурса типа System.Drawing.Bitmap.
</summary>
</member><member name="T:WindowsApplication1.My.Resources.Resources">
	<summary>
  Класс ресурса со строгой типизацией для поиска локализованных строк и т.д.
</summary>
</member>
</members>
</doc>